{"cameraMode":{"drawMode":0,"name":"Shaded","section":"Shading Mode"},"sceneLighting":false,"audioPlay":false,"sceneViewState":{"showFog":true,"showMaterialUpdate":false,"showSkybox":false,"showFlares":true,"showImageEffects":true,"showParticleSystems":true,"showVisualEffectGraphs":true,"m_FxEnabled":true},"in2DMode":false,"pivot":{"x":-0.6796514987945557,"y":0.037103891372680667,"z":0.15446054935455323},"rotation":{"x":0.16873493790626527,"y":0.7624309062957764,"z":-0.21985337138175965,"w":0.5847601890563965},"size":3.090597629547119,"orthographic":false}