{"cameraMode":{"drawMode":0,"name":"Shaded","section":"Shading Mode"},"sceneLighting":true,"audioPlay":false,"sceneViewState":{"showFog":true,"showMaterialUpdate":false,"showSkybox":true,"showFlares":true,"showImageEffects":true,"showParticleSystems":true,"showVisualEffectGraphs":true,"m_FxEnabled":true},"in2DMode":false,"pivot":{"x":10.052828788757325,"y":1.5818285942077637,"z":1.4499441385269166},"rotation":{"x":-0.10725613683462143,"y":-0.6511396765708923,"z":0.09356014430522919,"w":-0.7455301880836487},"size":15.510610580444336,"orthographic":false}