{"cameraMode":{"drawMode":0,"name":"Shaded","section":"Shading Mode"},"sceneLighting":false,"audioPlay":false,"sceneViewState":{"showFog":true,"showMaterialUpdate":false,"showSkybox":false,"showFlares":true,"showImageEffects":true,"showParticleSystems":true,"showVisualEffectGraphs":true,"m_FxEnabled":true},"in2DMode":false,"pivot":{"x":0.47673118114471438,"y":-0.9792859554290772,"z":0.030767321586608888},"rotation":{"x":-0.2618008553981781,"y":-0.466439425945282,"z":0.14673179388046266,"w":-0.8321032524108887},"size":3.8868792057037355,"orthographic":false}